(1) Pre- Qual,,,,,,,,,,,(2) Application Form,,,,,,,,,
,,,,,,,,,,,,,,,,,,,,
,,,,,,,,,,,,,,,,,,,,
Years in Business,Risk Score,# of Events,Risk Score,,,,,,,,Payment Remitted By,Risk Score,Payment Frequency,Risk Score,,Matrix for all 4,,,,
0,10,1 event,10,,,,,,,,From Ticketing Co,1,Daily,0,,Lower Bound,Upper Bound,Max Advance % (V/O),Max Advance % (P),Max Advance % (F)
"1, 2",8,2-3 events,8,,,,,,,,From Payment Processor,3,Weekly,1,,0.00,7.00,14.00%,20.00%,26.00%
"3, 4, 5",5,4-6 events,7,,,,,,,,From Venue,5,Bi Monthly,2,,7.10,14.00,11.00%,15.00%,19.00%
"6,7,8,9",3,7-10 events,6,,,,,,,,Other,10,Monthly,5,,14.10,21.00,8.00%,10.00%,12.00%
10+,0,11-20 events,5,,,,,,,,,,Post Event,10,,21.10,35.00,5.00%,5.00%,5.00%
,,21+ events,4,,,,,,,,,,Other,10,,,,,,
,,50+ events,0,,,,,,,,,,,,,,,,,
,,,,,,,,,,,,,,,,,,,,
,,,,,,,,,,,,,,,,,,,,
Pre Qual,,,,,,Multiply Max Advance by Annual Gross Ticket Sales,,,,,,,,,,,,,,
Lower Bound,Upper Bound,Max Advance % (V/O),Max Advance % (P),Max Advance % (F),,"Capped at $500,000",,,,,GTS,"$2,500,000.00","$1,000,000.00","$1,000,000.00","$500,000.00","$250,000.00"," $ 2,724,422 "," $ 1,800,000 ",,
0,5,14.00%,20.00%,26.00%,,,,,,,    Years in Business,1-2 Years,6-9 years,10 + Years,3-5 Years,3-5 Years,10 + Years,6-9 years,,
5.1,11,11.00%,15.00%,19.00%,,,,,,,     # of Events,7-10 Events,21+ events,50+ Events,50+ Events,7-10 Events,50+ events,11-20 Events,,
11.1,15,8.00%,10.00%,12.00%,,,,,,,Payment By,Ticketing Co,Ticketing Co,Ticketing Co,Ticketing Co,Ticketing Co,Ticketing Co,Other,,
15,20,5.00%,5.00%,5.00%,,,,,,,Frequency,Weekly,Weekly,Weekly,Weekly,Weekly,Weekly,Post event,,
,,,,,,,,,,,,,,,,,,,,
,,,,,,,,,,,Score,16,9,2,7,13,2,28,,
Validation/Test vs old model,,,,,,,,,,,,,,,,,,,,
Years in Business,1-2 Years,6-9 years,6-9 years,10 + Years,3-5 Years,1-2 Years,10 + Years,10 + Years,10 + Years,,Pre Qual,"$200,000","$110,000","$140,000","$40,000","$10,000","$378,000",,,
# of Events,7-10 Events,21+ events,50+ events,50+ Events,2-3 Events,1 Event,1 Event,4-6 Events,50+ events,,Orig Form,"$200,000","$110,000","$140,000","$70,000","$27,500","$381,419","$90,000",,
GTS,"$2,500,000","$1,000,000","$1,000,000","$1,000,000","$500,000","$200,000","$15,000,000","$15,000,000"," $ 2,700,000 ",,,,,,,,,,,
Score,14,7,3,0,13,18,10,7,0,,,MATCHES,,,,,MOKB,Parachutes,,
,,,,,,,,,,,,,,,,,,,,
Old Model Max (capped at 15%),"$103,750","$115,000","$129,000","$150,000","$54,000","$14,750","$1,000,000","$1,000,000","$408,663",,TEST 3/17/26 (Boris),,,,,,,,,
Old Model Max (Boris- capped at 10%),"$75,625","$77,500","$86,500","$100,000","$36,500","$10,375","$500,000","$500,000","$272,442",,New Model P,"$250,000","$150,000","$200,000","$100,000","$37,500","$500,000","$90,000",,
New Model Max,"$200,000","$110,000","$140,000","$140,000","$40,000","$10,000","$500,000","$500,000","$378,000",,New Model V,"$200,000","$110,000","$140,000","$70,000","$27,500","$381,419","$90,000",,
,,,,,,,"Riot, LIB",Good Vibez,MOKB,,New Model F,"$300,000","$190,000","$260,000","$130,000","$47,500","$500,000","$90,000",,
,192.77%,95.65%,108.53%,93.33%,74.07%,67.80%,50.00%,50.00%,92.50%,,,,,,,,,,,
,,,,,,,,,,,,,,,,,,,,
,,,,,,,,,,,"IF POST EVENT PAYMENT OR OTHER, LET'S MONITOR HOW IT GOES AND IF PROSPECTS HAVE BEEN FILTERED OUT IN THE INITIAL CALL",,,,,,,,,
TEST 3/17/26 (Boris),,,,,,,,,,,,,,,,,,,,
New Model P,"$250,000","$150,000","$200,000","$200,000","$50,000","$10,000","$500,000","$500,000","$500,000",,,,,,,,,,,
New Model V,"$200,000","$110,000","$140,000","$140,000","$40,000","$10,000","$500,000","$500,000","$378,000",,,,,,,,,,,
New Model F,"$300,000","$190,000","$260,000","$260,000","$60,000","$10,000","$500,000","$500,000","$500,000",,,,,,,,,,,